calorias (kcal),gramos (g),acidez,cascara
1.679.201.942.350.940,46.026.106.150.710.200,alta,gruesa
16.400.552.442.140.400,51.848.493.166.166.300,alta,gruesa
1.725.796.262.994.800,4.034.369.170.580.950,alta,gruesa
14.069.132.921.199.100,36.576.952.711.987.800,alta,gruesa
27.643.158.296.409.300,57.342.990.201.071.800,alta,gruesa
12.039.832.533.293.800,38.700.485.376.011.200,alta,gruesa
14.277.977.061.786.800,37.245.793.428.648.600,alta,gruesa
18.996.427.783.488.100,4.224.850.817.011.930,alta,gruesa
23.414.241.329.876.200,49.497.049.406.686.600,alta,gruesa
11.004.886.998.169.500,3.750.036.670.976.270,alta,gruesa
22.069.544.403.310.300,56.551.393.027.884.400,alta,gruesa
13.945.567.924.112.200,3.860.008.938.251.810,alta,gruesa
2.138.878.234.678.160,47.974.937.828.101.000,alta,gruesa
12.231.478.725.772.600,3.376.220.521.691.800,alta,gruesa
185.903.323.039.066,4.563.113.763.608.260,alta,gruesa
16.065.543.193.594.300,29.253.407.723.756.700,alta,gruesa
1.758.469.833.762.180,42.531.810.297.009.200,alta,gruesa
2.826.744.971.180.120,6.745.034.942.126.110,alta,gruesa
22.464.756.055.172.500,47.389.948.760.187.100,alta,gruesa
1.146.654.940.278.560,2.711.978.439.540.020,alta,gruesa
13.842.228.486.393.900,4.562.891.790.226.830,alta,gruesa
1.917.348.664.591.190,4.930.537.748.468.310,alta,gruesa
15.055.432.747.495.100,53.872.034.000.969.800,alta,gruesa
1.846.162.377.447.050,5.007.917.507.525.670,alta,gruesa
14.035.288.384.304.400,33.883.083.259.180.300,alta,gruesa
16.744.534.345.506.900,3.873.278.191.077.880,alta,gruesa
17.687.056.735.960.400,42.782.959.308.081.300,alta,gruesa
13.524.538.921.670.900,5.654.103.590.735.180,alta,gruesa
24.454.241.803.071.100,6.073.651.399.249.460,alta,gruesa
23.794.720.414.713.600,545.317.499.810.042,alta,gruesa
13.673.410.334.698.700,3.453.238.545.085.970,alta,gruesa
1.786.918.424.098.020,47.870.139.203.834.500,alta,gruesa
8.648.494.786.717.130,27.842.628.385.429.000,alta,gruesa
18.249.465.628.221.800,4.957.860.174.900.360,alta,gruesa
21.606.052.122.973.900,52.157.427.858.494.000,alta,gruesa
1.661.114.861.021.940,5.160.525.501.576.650,alta,gruesa
1.655.955.224.129.190,3.305.207.335.636.900,alta,gruesa
127.341.014.274.085,36.178.210.393.593.600,alta,gruesa
13.691.074.353.865.900,3.238.091.729.310.040,alta,gruesa
15.527.416.650.841.500,4.014.270.100.849.010,alta,gruesa
2.018.642.752.940.410,5.375.888.897.237.060,alta,gruesa
23.672.387.240.397.300,5.731.817.750.683.540,alta,gruesa
189.267.689.371.598,46.242.470.512.901.400,alta,gruesa
1.656.710.836.289.830,4.132.141.668.081.420,alta,gruesa
2.416.839.417.475.510,3.978.375.256.710.940,alta,gruesa
8.182.074.463.102.790,2.704.074.837.730.620,alta,gruesa
10.560.778.086.107.900,3.089.446.893.982.620,alta,gruesa
21.176.875.360.379.400,5.569.049.828.087.900,alta,gruesa
20.366.243.148.661.600,559.440.783.665.852,alta,gruesa
17.416.170.849.326.600,4.553.720.794.745.190,alta,gruesa
1.937.042.045.232.430,5.931.720.915.358.720,alta,gruesa
13.033.643.568.498.000,39.917.865.654.924.000,alta,gruesa
14.014.166.522.978.300,3.643.334.985.030.520,alta,gruesa
864.843.718.800.512,306.466.346.006.776,alta,gruesa
17.392.215.173.558.000,5.185.295.758.429.110,alta,gruesa
5.042.815.499.963.670,22.623.402.629.959.800,alta,gruesa
14.098.582.035.606.300,44.126.363.130.524.700,alta,gruesa
18.358.471.818.661.700,4.844.605.977.541.880,alta,gruesa
11.122.744.999.277.900,288.155.620.278.198,alta,gruesa
9.356.499.233.773.500,22.877.140.426.347.400,alta,gruesa
20.749.829.895.342.900,4.478.748.460.580.190,alta,gruesa
7.638.024.387.950.280,2.709.838.398.732.600,alta,gruesa
23.563.474.567.772.800,4.863.523.285.285.110,alta,gruesa
1.963.035.132.067.640,3.815.362.282.587.840,alta,gruesa
1.681.502.271.420.810,3.919.209.687.289.750,alta,gruesa
13.276.624.568.467.400,3.235.692.746.497.280,alta,gruesa
1.249.802.604.532.360,4.683.150.959.870.420,alta,gruesa
1.554.830.771.694.460,3.645.438.502.279.000,alta,gruesa
167.231.605.775.749,357.444.987.373.661,alta,gruesa
9.793.827.986.476.760,4.144.027.704.775.350,alta,gruesa
10.501.315.737.330.200,25.329.258.783.255.800,alta,gruesa
26.907.742.284.672.300,6.408.049.686.413.420,alta,gruesa
17.810.644.787.825.100,40.521.091.840.675.800,alta,gruesa
801.786.456.623.079,25.110.199.326.457.000,alta,gruesa
13.140.295.930.612.100,30.852.877.012.722.200,alta,gruesa
22.291.706.555.326.700,3.977.723.448.780.970,alta,gruesa
14.789.635.522.553.700,3.262.921.819.921.730,alta,gruesa
7.595.695.475.231.840,2.622.090.666.716.780,alta,gruesa
1.368.144.159.894.340,43.268.126.629.969.000,alta,gruesa
14.984.605.019.526.000,4.385.045.758.814.680,alta,gruesa
20.366.285.908.165.700,4.682.220.003.322.690,alta,gruesa
18.646.413.856.116.400,5.287.496.871.664.360,alta,gruesa
1.682.104.583.478.270,4.988.891.419.377.730,alta,gruesa
16.452.725.496.648.900,4.477.256.309.344.740,alta,gruesa
2.204.930.108.917.340,5.878.834.376.209.950,alta,gruesa
11.597.732.984.312.900,3.436.859.689.354.060,alta,gruesa
2.096.352.055.541.550,4.984.594.169.257.860,alta,gruesa
22.484.295.050.803.200,5.575.436.684.780.860,alta,gruesa
13.043.895.176.207.200,24.463.003.558.268.400,alta,gruesa
242.931.377.337.574,46.049.106.541.945.900,alta,gruesa
13.103.008.614.112.500,3.842.366.166.086.800,alta,gruesa
16.169.600.853.384.300,4.867.162.626.256.910,alta,gruesa
14.145.850.957.804.600,4.391.616.532.871.320,alta,gruesa
22.136.902.208.757.200,57.794.219.039.224.400,alta,gruesa
20.491.061.018.087.700,50.232.632.884.036.900,alta,gruesa
1.743.927.259.559.580,4.927.005.866.845.440,alta,gruesa
20.172.664.553.513.700,50.779.699.534.887.600,alta,gruesa
1.650.935.880.160.990,5.370.950.309.468.940,alta,gruesa
6.607.283.993.114.070,3.328.718.630.844.060,alta,gruesa
22.259.815.490.792.400,4.917.576.056.132.270,alta,gruesa
1.522.801.787.213.720,39.288.653.477.670.600,alta,gruesa
14.842.168.826.404.200,43.114.507.686.794.600,alta,gruesa
1.306.872.894.467.210,3.203.683.483.237.120,alta,gruesa
16.953.676.970.136.400,51.644.639.102.225.800,alta,gruesa
1.501.016.996.535.540,4.403.584.341.941.190,alta,gruesa
18.394.038.280.348.400,4.885.655.441.129.330,alta,gruesa
1.542.750.388.772.330,4.121.367.294.882.140,alta,gruesa
10.865.142.937.457.600,3.497.651.216.950.820,alta,gruesa
22.782.916.863.030.100,5.039.182.615.893.260,alta,gruesa
65.316.621.162.772.000,2.168.340.619.192.570,alta,gruesa
1.944.605.538.286.170,4.896.335.097.754.760,alta,gruesa
9.043.645.765.002.310,3.502.795.712.551.690,alta,gruesa
16.390.007.073.721.700,3.433.221.018.590.420,alta,gruesa
14.337.369.752.839.800,3.608.462.927.405.690,alta,gruesa
14.888.274.983.224.900,3.629.982.365.527.210,alta,gruesa
17.269.322.436.261.800,4.321.286.475.470.870,alta,gruesa
1.722.363.402.620.850,48.611.341.022.112.700,alta,gruesa
16.072.937.692.951.800,5.157.301.829.139.310,alta,gruesa
1.241.790.318.678.400,3.562.732.787.921.860,alta,gruesa
30.930.111.646.005.800,57.320.593.098.892.900,alta,gruesa
5.303.288.077.968.660,13.082.020.984.261.600,alta,fina
6.040.556.221.761.240,13.003.690.654.833.000,alta,fina
5.622.651.615.910.640,12.852.619.102.078.600,alta,fina
6.541.985.988.475.420,1.313.408.541.844.020,alta,fina
604.497.828.811.379,13.299.332.847.894.600,alta,fina
6.034.604.669.387.250,1.297.905.522.716.430,alta,fina
6.760.276.731.814.930,13.307.019.257.287.700,alta,fina
6.690.867.454.178.500,13.220.105.871.817.500,alta,fina
62.773.713.130.305.900,12.992.237.559.427.400,alta,fina
6.092.273.767.043.950,13.081.004.626.295.900,alta,fina
6.874.931.142.534.170,13.209.946.908.002.200,alta,fina
7.126.497.691.027.440,133.896.045.975.917,alta,fina
56.660.048.291.558.400,13.089.724.113.913.100,alta,fina
6.599.875.718.781.300,13.291.609.480.459.000,alta,fina
5.515.829.210.800.280,1.281.348.475.484.480,alta,fina
629.591.760.264.438,13.213.390.654.590.200,alta,fina
6.613.975.892.085.450,13.247.114.012.331.100,alta,fina
59.738.716.162.423.200,13.078.435.359.905.900,alta,fina
60.430.275.698.317.500,12.909.808.797.201.400,alta,fina
7.056.990.364.855.550,1.351.025.358.850.930,alta,fina
4.922.009.598.853.130,12.760.727.597.348.800,alta,fina
5.587.788.833.479.510,12.819.650.120.190.100,alta,fina
58.759.251.784.745.200,12.910.526.401.669.900,alta,fina
60.966.923.623.960.700,13.094.645.820.398.600,alta,fina
6.861.244.273.385.840,13.496.245.886.172.400,alta,fina
7.234.554.054.118.810,13.287.331.498.232.800,alta,fina
6.050.509.699.212.210,13.200.701.687.812.600,alta,fina
499.766.460.047.945,12.677.347.999.543.300,alta,fina
5.521.100.665.628.170,1.295.193.367.869.190,alta,fina
61.877.952.184.435.500,1.311.508.660.659.610,alta,fina
5.521.876.134.272.670,12.841.509.366.922.900,alta,fina
648.729.230.223,13.327.703.705.791.000,alta,fina
68.334.238.583.674,13.315.475.584.036.700,alta,fina
6.269.759.509.309.540,13.005.406.171.192.600,alta,fina
643.346.523.877.159,13.288.439.070.894.400,alta,fina
5.321.482.539.188.570,12.786.496.415.357.100,alta,fina
62.698.690.479.637.700,13.223.910.842.943.700,alta,fina
58.649.106.169.449.400,12.988.399.942.191.700,alta,fina
5.875.929.114.152.810,1.312.017.597.732.590,alta,fina
6.500.796.295.539.920,12.936.879.021.647.300,alta,fina
57.714.207.696.576.700,12.967.040.962.453.700,alta,fina
6.406.159.142.014.740,13.123.117.670.883.200,alta,fina
6.394.359.149.063.420,1.300.010.073.294.430,alta,fina
5.917.849.151.999.770,1.293.110.063.260.810,alta,fina
5.986.520.381.946.160,12.959.196.190.885.800,alta,fina
6.230.644.290.830.200,12.942.493.274.043.700,alta,fina
6.036.034.668.880.240,12.867.877.400.240.400,alta,fina
6.053.261.183.874.480,13.036.383.216.517.800,alta,fina
6.351.429.865.060.110,13.111.756.511.089.500,alta,fina
63.457.683.185.416.300,13.252.519.528.965.600,alta,fina
664.320.621.657.968,1.333.663.131.193.910,alta,fina
6.166.074.434.298.870,12.948.220.994.406.700,alta,fina
6.579.581.064.129.470,13.171.108.577.871.300,alta,fina
54.264.771.866.738.500,12.738.048.503.461.900,alta,fina
6.055.266.799.372.340,13.496.451.706.358.100,alta,fina
6.257.952.612.064.190,1.311.534.619.295.050,alta,fina
5.962.048.424.455.420,12.927.929.902.839.800,alta,fina
5.972.137.320.959.780,1.288.986.741.485.420,alta,fina
58.669.045.365.189.700,12.942.219.764.056.900,alta,fina
6.479.625.379.436.130,13.245.354.964.370.200,alta,fina
6.099.292.513.309.020,13.024.584.258.247.300,alta,fina
502.525.038.172.721,12.648.374.176.926.400,alta,fina
6.419.287.933.194.350,13.112.019.433.656.100,alta,fina
62.221.275.346.548.300,12.910.983.556.452.100,alta,fina
6.247.833.589.710.340,13.091.905.107.677.300,alta,fina
660.827.742.472.812,13.406.420.869.964.100,alta,fina
7.509.589.326.661.040,13.372.902.380.035.600,alta,fina
7.417.195.924.543.670,1.363.606.989.077.240,alta,fina
5.906.501.985.178.540,13.038.888.682.939.300,alta,fina
6.700.689.379.814.920,13.149.069.470.321.700,alta,fina
6.339.000.319.870.700,13.265.084.048.001.000,alta,fina
63.898.935.580.915.500,13.256.339.957.355.200,alta,fina
673.835.496.200.995,1.312.065.038.402.250,alta,fina
6.165.631.423.110.970,13.096.494.311.400.400,alta,fina
5.816.096.419.357.720,13.031.499.664.402.800,alta,fina
6.045.618.264.985.410,12.973.189.942.674.600,alta,fina
61.714.711.324.787.900,13.198.577.347.794.100,alta,fina
648.840.356.565.776,1.328.942.769.130.330,alta,fina
6.673.314.955.399.390,13.150.771.634.111.200,alta,fina
6.758.878.101.934.300,1.310.172.164.100.160,alta,fina
580.924.928.469.175,1.305.264.879.384.170,alta,fina
502.981.792.870.292,12.684.402.142.609.700,alta,fina
6.025.202.947.821.990,13.096.413.914.849.300,alta,fina
6.335.305.754.945.770,13.093.504.884.611.200,alta,fina
6.490.571.588.351.470,13.201.599.262.264.900,alta,fina
5.859.824.889.114.720,1.307.291.205.686.220,alta,fina
5.883.971.055.631.460,12.961.782.685.718.800,alta,fina
6.537.917.448.160.340,13.094.597.360.414.300,alta,fina
5.793.712.227.908.740,12.978.461.874.191.700,alta,fina
6.665.768.085.628.590,13.470.907.878.449.600,alta,fina
6.333.360.324.393.020,12.942.753.833.724.100,alta,fina
6.417.246.121.171.800,1.304.991.112.101.190,alta,fina
6.439.076.133.744.860,13.231.428.881.979.300,alta,fina
6.356.737.381.194.700,13.123.552.316.658.300,alta,fina
5.278.175.063.004.960,12.753.099.828.599.100,alta,fina
5.985.584.525.586.570,13.207.500.705.506.600,alta,fina
6.562.579.300.782.000,1.318.291.564.904.850,alta,fina
62.660.092.551.659.700,13.347.451.477.691.200,alta,fina
7.104.277.340.437.300,1.352.878.568.439.060,alta,fina
6.226.237.551.029.430,1.324.068.553.377.350,alta,fina
5.837.803.651.443.520,1.289.355.694.537.270,alta,fina
5.871.125.063.298.070,12.961.179.820.302.900,alta,fina
6.372.281.349.028.440,1.322.251.545.975.310,alta,fina
62.087.025.350.535.200,13.146.044.648.580.500,alta,fina
62.289.478.077.991.800,12.913.774.919.184.000,alta,fina
58.260.833.370.815.500,12.972.921.069.853.400,alta,fina
6.776.829.738.446.300,13.317.922.086.775.300,alta,fina
5.497.393.037.133.380,12.983.441.934.880.300,alta,fina
63.439.638.339.790.300,13.122.850.488.276.500,alta,fina
6.733.416.690.818.320,13.228.943.215.473.600,alta,fina
5.268.632.146.045.910,12.600.957.539.341.800,alta,fina
6.779.449.287.457.350,13.354.616.403.195.800,alta,fina
6.787.105.731.802.290,1.315.539.046.851.630,alta,fina
6.119.164.465.432.260,1.295.390.713.938.590,alta,fina
6.033.010.255.393.580,12.919.068.805.104.600,alta,fina
6.128.511.834.625.000,129.837.042.383.569,alta,fina
63.461.101.994.263.600,13.427.851.531.179.300,alta,fina
5.721.185.033.926.500,12.896.035.540.525.900,alta,fina
6.421.903.073.997.910,1.323.488.492.277.070,alta,fina
6.186.980.356.932.340,13.167.797.815.699.500,alta,fina
6.121.468.608.195.010,131.543.828.221.842,alta,fina
8.359.625.505.973.600,1.388.243.148.666.900,alta,fina
59.239.578.588.833.000,130.346.157.538.844,alta,fina
5.511.393.795.190.420,12.945.284.754.607.500,alta,fina
5.714.468.978.551.970,13.056.081.001.278.400,alta,fina
6.831.120.403.295.390,13.265.137.649.642.900,alta,fina
6.551.783.485.159.800,13.230.032.773.548.500,alta,fina
6.167.122.815.125.370,13.265.379.388.785.900,alta,fina
5.329.254.689.966.240,12.893.539.120.961.900,alta,fina
6.387.201.322.429.550,13.020.960.930.518.700,alta,fina
8.112.413.414.561.690,9.553.282.925.408.340,alta,gruesa
4.896.898.702.955.420,4.616.855.863.604.350,alta,gruesa
11.599.388.150.542.900,2.351.791.705.496.290,alta,gruesa
1.458.137.344.126.740,23.801.067.849.235.700,alta,gruesa
1.109.332.532.036.520,23.072.843.958.393.100,alta,gruesa
145.184.268.247.757,28.005.380.026.553.500,alta,gruesa
15.912.197.827.648.600,4.940.583.515.059.190,alta,gruesa
4.662.265.788.453.160,6.793.540.426.030.190,alta,gruesa
15.331.244.708.791.100,31.947.911.785.397.300,alta,gruesa
11.792.814.928.284.500,12.999.686.770.360.900,alta,gruesa
12.504.819.454.040.100,12.005.466.262.919.700,alta,gruesa
12.726.713.615.643.200,26.113.472.319.623.000,alta,gruesa
5.100.650.476.021.090,16.919.515.291.415.300,alta,gruesa
17.229.923.187.588.600,33.066.272.094.447.400,alta,gruesa
11.978.098.020.971.500,21.507.139.966.650.700,alta,gruesa
5.539.543.380.540.520,5.002.328.536.524.010,alta,gruesa
8.066.236.708.525.330,16.720.557.041.203,alta,gruesa
9.706.997.050.596.330,2.010.908.695.018.710,alta,gruesa
1.265.675.611.448.990,31.921.095.599.701.200,alta,gruesa
17.576.287.151.120.700,23.620.849.100.249.200,alta,gruesa
9.654.377.521.615.220,13.525.300.606.675.200,alta,gruesa
11.910.416.652.729.700,13.378.366.082.513.700,alta,gruesa
10.034.562.818.983.900,21.284.373.280.106.300,alta,gruesa
11.384.261.611.188.200,12.070.703.867.981.400,alta,gruesa
10.490.389.814.291.100,13.740.414.285.555.700,alta,gruesa
15.387.315.792.147.100,3.208.641.182.063.120,alta,gruesa
9.085.280.574.378,14.263.870.679.990.400,alta,gruesa
2.303.465.082.982.340,11.321.897.399.124.900,alta,gruesa
9.736.917.786.616.120,25.224.710.250.782.900,alta,gruesa
11.620.338.363.195.200,10.751.316.284.779.000,alta,gruesa
6.577.491.507.584.570,18.711.864.195.515.800,alta,gruesa
11.589.003.384.084.200,21.538.722.221.159.500,alta,gruesa
9.882.308.980.814.260,17.577.749.704.285.800,alta,gruesa
14.405.501.074.479.500,1.885.512.715.556.600,alta,gruesa
14.441.366.876.962.600,2.099.242.876.122.890,alta,gruesa
9.606.026.004.419.030,12.318.070.210.461.200,alta,gruesa
10.511.609.662.240.500,22.748.442.987.907.900,alta,gruesa
11.076.640.477.575.200,13.776.234.585.160.400,alta,gruesa
13.818.086.286.473.400,2.993.760.067.901.660,alta,gruesa
13.512.467.452.593.800,305.540.551.967.957,alta,gruesa
730.847.129.193.142,17.193.318.255.277.300,alta,gruesa
11.704.380.328.634.600,30.600.848.122.867.800,alta,gruesa
7.409.551.063.966.170,2.350.803.677.054.690,alta,gruesa
4.779.739.900.053.990,62.904.796.168.826.200,alta,gruesa
809.035.675.736.516,12.632.272.436.930.100,alta,gruesa
22.024.443.552.391.700,2.925.364.013.871.710,alta,gruesa
13.482.782.311.174.700,18.940.228.172.527.900,alta,gruesa
12.255.115.347.460.900,17.181.426.758.767.500,alta,gruesa
19.532.472.691.597.500,1.883.099.495.594.450,alta,gruesa
1.679.064.249.671.980,24.919.730.893.832.000,alta,gruesa
6.893.555.281.704.390,4.027.676.202.184.920,alta,gruesa
14.482.528.374.649.300,1.639.100.999.753.200,alta,gruesa
8.712.611.030.498.740,14.591.313.451.254.800,alta,gruesa
6.730.855.244.755.120,2.032.620.385.536.560,alta,gruesa
1.106.031.912.325.690,28.079.120.803.559.900,alta,gruesa
12.526.775.721.244.900,22.416.145.612.321.600,alta,gruesa
6.041.360.895.475.710,2.025.817.530.165.380,alta,gruesa
7.235.618.695.790.110,2.789.550.106.071.700,alta,gruesa
8.253.545.925.147.460,16.034.629.485.583.600,alta,gruesa
15.525.969.872.443.700,2.450.037.021.421.110,alta,gruesa
9.176.514.395.801.780,2.133.139.420.921.170,alta,gruesa
12.901.019.361.785.200,15.683.127.936.286.800,alta,gruesa
10.227.618.717.148.800,16.817.952.192.023.800,alta,gruesa
957.290.600.335.934,25.818.885.991.317.600,alta,gruesa
22.772.322.073.992.300,2.192.864.796.158.550,alta,gruesa
14.551.890.151.741.000,22.875.673.580.741.400,alta,gruesa
12.001.530.434.808.800,27.881.592.723.687.100,alta,gruesa
171.685.091.522.594,18.732.800.423.192.700,alta,gruesa
18.927.520.550.262.900,27.552.032.153.328.700,alta,gruesa
8.553.898.259.358.560,10.428.064.416.981.000,alta,gruesa
6.661.985.515.472.780,17.440.039.702.621.800,alta,gruesa
15.088.318.258.944.700,3.456.015.434.986.800,alta,gruesa
14.198.907.569.835.400,30.779.883.626.958.500,alta,gruesa
4.992.458.617.350.330,1.529.617.299.059.380,alta,gruesa
446.223.770.904.257,11.028.759.335.138.500,alta,gruesa
11.491.839.627.634.700,5.425.257.225.824.190,alta,gruesa
827.104.293.298.426,16.015.850.697.451.700,alta,gruesa
1.447.283.646.031.110,2.093.992.173.307.770,alta,gruesa
10.344.453.865.620.900,12.828.672.703.743.400,alta,gruesa
6.051.241.270.149.980,7.749.648.863.084.950,alta,gruesa
12.535.521.612.116.500,2.630.359.660.293.430,alta,gruesa
1.403.758.710.896.710,3.566.597.382.340.930,alta,gruesa
806.541.008.164.919,12.604.815.029.242.200,alta,gruesa
14.724.121.523.000.100,12.086.011.266.436.900,alta,gruesa
14.383.719.132.730.300,11.162.878.198.260.600,alta,gruesa
6.748.312.098.993.530,24.201.579.625.158.200,alta,gruesa
12.598.040.431.333.700,19.070.954.184.679.800,alta,gruesa
8.116.779.648.719.190,8.441.266.988.589.000,alta,gruesa
15.224.097.407.562.800,6.185.445.669.836.280,alta,gruesa
21.062.196.993.247.000,3.850.327.847.802.380,alta,gruesa
14.703.154.516.057.000,15.815.903.422.932.700,alta,gruesa
2.502.204.933.790.180,30.374.420.936.122.600,alta,gruesa
7.491.801.879.611.920,13.569.481.460.318.000,alta,gruesa
11.425.796.598.351.100,2.305.952.376.466.810,alta,gruesa
10.447.728.628.676.400,9.324.910.209.004.420,alta,gruesa
239.551.079.972.523,7.496.848.738.679.160,alta,gruesa
20.175.630.319.736.300,25.166.131.578.834.600,alta,gruesa
1.286.275.143.420.280,16.331.492.914.259.800,alta,gruesa
17.439.902.178.530.000,12.860.970.196.245.400,alta,gruesa
44.070.997.290.621.400,7.982.469.782.696.390,alta,gruesa
8.208.401.293.073.310,15.211.377.365.380.300,alta,gruesa
1.620.364.422.235.100,30.183.794.247.612.600,alta,gruesa
1.946.554.478.453.240,4.305.034.750.474.250,alta,gruesa
951.956.136.127.309,12.279.830.662.483.000,alta,gruesa
16.155.299.938.646.900,28.919.294.052.415.600,alta,gruesa
2.358.575.902.718.260,28.478.577.480.099.600,alta,gruesa
1.070.916.756.612.690,28.157.827.116.668.500,alta,gruesa
18.091.395.929.403.000,3.678.098.372.279.860,alta,gruesa
26.618.884.795.322.200,56.202.980.788.525.300,alta,gruesa
3.786.200.534.419.220,3.924.228.843.075.940,alta,gruesa
1.533.802.780.843.980,31.133.334.393.159.000,alta,gruesa
3.209.423.016.219.720,10.365.281.920.758.500,alta,gruesa
12.386.146.849.631.000,16.776.547.670.173.600,alta,gruesa
17.907.944.514.871.400,26.261.146.391.564.100,alta,gruesa
9.531.279.473.102.450,15.636.908.247.820.500,alta,gruesa
7.670.177.057.724.210,18.538.358.824.770.200,alta,gruesa
12.671.696.383.639.000,1.916.217.067.462.480,alta,gruesa
6.943.270.800.103.640,15.595.244.576.886.300,alta,gruesa
9.431.602.195.752.990,24.783.267.758.096.300,alta,gruesa
12.271.407.097.621.500,19.344.128.477.645.100,alta,gruesa
16.076.128.095.363.000,1.555.887.295.410.020,alta,gruesa
19.392.201.113.894.800,30.877.606.829.595.900,alta,gruesa
5.173.346.027.673.240,620.395.254.292.918,alta,gruesa
8.697.288.441.155.890,5.743.461.444.069.770,alta,gruesa
22.377.723.295.384.700,3.619.649.246.726.530,alta,fina
34.252.318.555.521.200,26.994.685.619.329.900,alta,fina
4.114.305.902.009.100,4.489.345.650.595.760,alta,fina
30.642.655.996.816.400,2.944.457.690.153.750,alta,fina
31.032.637.093.483.500,2.680.875.319.195.440,alta,fina
5.325.157.275.644.340,8.193.081.855.233.910,alta,fina
5.288.219.601.930.560,5.727.278.675.314.810,alta,fina
24.240.048.282.237.000,29.444.441.445.445.000,alta,fina
35.841.209.354.915.400,414.998.059.255.943,alta,fina
5.748.424.799.075.120,747.186.869.897.726,alta,fina
2.150.580.486.886.370,12.092.554.009.166.900,alta,fina
4.004.967.972.056.110,4.320.788.144.258.390,alta,fina
4.269.064.746.902.790,57.515.084.692.444.000,alta,fina
15.103.104.494.037.000,7.678.520.640.455.100,alta,fina
5.869.499.106.324.050,9.199.986.219.572.090,alta,fina
32.866.056.068.959.000,33.590.549.348.806.500,alta,fina
4.239.928.375.629.590,5.473.250.124.673.860,alta,fina
32.239.035.796.694,4.455.056.758.710.360,alta,fina
4.032.373.997.003.890,38.538.040.134.990.600,alta,fina
3.451.035.993.364.470,5.014.384.681.434.630,alta,fina
4.283.855.505.827.590,5.312.102.147.666.490,alta,fina
19.125.023.076.724.100,10.203.949.134.407.400,alta,fina
3.165.948.203.839.730,30.538.607.636.191.600,alta,fina
465.464.424.131.024,6.085.844.262.906.500,alta,fina
37.087.556.932.956.600,32.513.451.135.355.100,alta,fina
6.015.073.828.811.330,9.333.117.491.654.760,alta,fina
42.815.902.690.404.200,642.260.264.260.184,alta,fina
38.262.729.833.319.100,43.106.847.420.178.700,alta,fina
4.129.215.818.702.270,4.824.460.938.552.780,alta,fina
2.920.521.727.923.440,2.218.499.612.134.220,alta,fina
4.515.863.008.540.840,7.553.232.750.689.610,alta,fina
27.075.637.031.998.400,23.266.785.971.915.100,alta,fina
4.094.211.905.729.920,3.726.747.987.740.130,alta,fina
5.860.432.189.983.870,791.291.039.973.042,alta,fina
37.946.367.633.805.300,3.869.896.908.039.130,alta,fina
42.238.482.346.481.400,6.309.418.601.567.370,alta,fina
4.073.878.146.655.450,516.689.436.382.529,alta,fina
2.300.860.645.684.690,1.860.284.272.730.760,alta,fina
3.706.732.352.272.130,4.478.109.871.504.290,alta,fina
4.418.532.130.432.870,5.241.437.682.404.920,alta,fina
4.109.963.720.838.820,39.844.721.608.525.300,alta,fina
3.589.687.348.057.960,24.341.588.744.780.300,alta,fina
5.229.459.904.227.730,5.901.245.043.767.940,alta,fina
4.315.748.960.251.350,5.742.807.586.755.810,alta,fina
30.583.799.428.158.100,4.408.443.106.537.740,alta,fina
2.461.798.344.589.140,1.570.042.657.481.140,alta,fina
365.409.457.302.693,5.914.750.527.228.160,alta,fina
2.155.214.751.732.780,8.196.404.551.057.440,alta,fina
37.552.006.347.044.900,4.377.946.161.297.200,alta,fina
5.036.326.864.350.850,6.815.329.174.484.270,alta,fina
4.507.217.483.993.800,61.474.769.018.307.600,alta,fina
35.131.950.630.494.000,37.818.086.107.826.300,alta,fina
35.281.341.607.980.200,5.091.586.540.346.200,alta,fina
5.082.480.372.283.800,7.444.432.989.096.220,alta,fina
4.572.325.786.325.030,6.700.630.411.116.530,alta,fina
4.692.221.489.888.780,6.734.265.366.020.000,alta,fina
50.885.710.098.033.400,60.803.130.412.710.600,alta,fina
3.428.571.809.129.210,31.297.757.698.225.200,alta,fina
7.641.472.561.160.810,1.085.986.379.814.200,alta,fina
4.927.288.859.651.010,8.039.512.902.712.790,alta,fina
39.754.170.480.609.600,5.442.806.755.648.210,alta,fina
3.953.158.076.503.300,44.154.752.657.588.100,alta,fina
19.471.354.711.046.700,1.242.616.124.361.390,alta,fina
4.806.553.204.328.350,6.002.264.868.677.810,alta,fina
4.085.767.803.643.440,6.223.799.714.618.300,alta,fina
37.478.358.815.371.600,5.987.991.517.851.680,alta,fina
27.125.019.837.766.600,18.802.113.214.454.500,alta,fina
3.874.700.973.098.380,5.296.503.001.727.820,alta,fina
4.075.170.186.212.370,5.866.286.426.059.660,alta,fina
35.194.704.060.110.100,2.699.113.803.843.550,alta,fina
5.187.993.810.399.440,5.600.014.816.473.670,alta,fina
3.887.050.026.275.890,630.288.908.589.975,alta,fina
36.375.340.727.264.000,4.673.695.360.850.820,alta,fina
4.186.772.927.680.880,5.788.848.693.971.200,alta,fina
4.218.931.372.264.650,468.512.545.531.978,alta,fina
31.543.004.644.241.500,15.862.673.316.052.500,alta,fina
38.101.342.145.388.000,4.404.082.059.762.450,alta,fina
2.717.036.962.445.060,15.014.823.895.049.400,alta,fina
404.287.628.742.382,6.329.323.991.230.000,alta,fina
38.318.105.240.822.900,5.149.953.153.795.320,alta,fina
5.499.809.997.305.860,7.071.409.261.037.620,alta,fina
3.185.136.215.030.820,4.465.761.875.206.690,alta,fina
4.536.386.505.357.360,7.660.593.763.363.060,alta,fina
3.586.596.545.862.070,4.355.440.944.413.080,alta,fina
3.119.792.447.346.660,366.093.646.901.586,alta,fina
5.358.628.562.436.860,682.760.193.382.034,alta,fina
3.835.172.346.834.660,5.504.158.713.281.690,alta,fina
4.210.267.380.720.330,6.973.346.918.483.200,alta,fina
37.835.826.208.792.600,5.274.420.567.484.820,alta,fina
3.755.299.625.263.730,4.094.950.409.136.400,alta,fina
33.282.516.430.676.400,4.361.170.997.985.670,alta,fina
4.819.772.812.725.760,4.877.622.593.032.810,alta,fina
38.232.899.840.553.700,4.073.537.007.054.550,alta,fina
24.035.990.976.082.900,23.792.311.421.211.100,alta,fina
39.093.234.192.501.200,4.151.169.987.184.620,alta,fina
4.519.619.691.277.470,5.369.245.885.941.440,alta,fina
377.212.448.480.057,4.552.471.321.102.720,alta,fina
34.622.898.341.213.600,4.560.874.481.326.240,alta,fina
3.807.197.428.338.450,4.159.763.320.134.110,alta,fina
3.974.316.235.817.790,4.130.111.790.737.010,alta,fina
401.432.366.972.123,4.412.902.494.168.050,alta,fina
4.738.516.893.506.910,6.542.580.320.318.070,alta,fina
4.265.052.103.841.260,5.750.009.629.497.310,alta,fina
451.692.875.178.663,59.049.102.380.814.200,alta,fina
57.130.049.377.211.200,84.520.687.616.921,alta,fina
3.906.941.576.678.510,38.522.583.122.267.000,alta,fina
20.697.462.452.725.900,2.247.990.111.728.480,alta,fina
4.069.711.698.152.480,57.052.668.645.645.000,alta,fina
50.157.479.733.864.600,8.930.191.977.174.820,alta,fina
525.939.110.649.744,5.718.298.726.585.150,alta,fina
3.014.391.659.814.010,4.964.045.232.369.490,alta,fina
37.828.201.435.972.200,5.443.996.417.254.550,alta,fina
26.086.558.522.156.200,2.270.263.296.952.180,alta,fina
4.812.885.376.674.820,5.029.504.461.297.660,alta,fina
20.965.157.665.182.000,16.299.275.831.323.800,alta,fina
23.450.956.837.656.800,12.395.866.717.057.800,alta,fina
5.208.099.193.020.230,7.025.791.552.489.880,alta,fina
4.865.543.171.723.260,8.092.117.650.240.580,alta,fina
38.912.895.468.979.700,50.246.967.180.796.200,alta,fina
2.904.832.597.074.070,2.802.678.611.725.370,alta,fina
19.840.639.292.633.300,33.141.413.951.816.000,baja,gruesa
20.415.606.260.536.200,34.038.773.155.538.900,baja,gruesa
20.978.437.536.886.100,34.091.952.496.782.900,baja,gruesa
20.417.202.867.210.800,3.343.860.811.361.820,baja,gruesa
19.505.037.364.252.900,33.276.969.924.348.900,baja,gruesa
20.132.041.275.292.400,3.347.518.472.596.460,baja,gruesa
19.179.936.095.998.800,33.115.622.941.579.400,baja,gruesa
20.786.918.634.337.800,33.750.230.270.089.200,baja,gruesa
19.886.371.808.770.000,33.276.145.988.501.000,baja,gruesa
19.914.475.172.735.400,3.335.836.341.795.170,baja,gruesa
20.943.303.784.631.200,3.361.972.610.601.100,baja,gruesa
2.021.340.205.021.070,3.439.856.911.169.620,baja,gruesa
2.036.545.230.521.480,33.887.283.680.091.300,baja,gruesa
21.375.933.740.802.100,3.400.053.119.055.530,baja,gruesa
1.929.877.575.690.280,3.288.953.323.246.660,baja,gruesa
21.074.214.107.964.100,3.404.002.666.847.260,baja,gruesa
20.330.283.917.724.500,34.422.930.144.762.700,baja,gruesa
1.982.421.460.739.050,33.761.920.971.596.000,baja,gruesa
20.117.107.357.752.400,3.348.721.622.752.190,baja,gruesa
20.444.592.175.333.800,33.256.952.149.681.400,baja,gruesa
19.736.935.641.856.700,3.315.791.354.181.600,baja,gruesa
20.765.728.865.406.300,3.395.364.355.193.070,baja,gruesa
2.027.351.754.114.970,3.319.906.163.350.060,baja,gruesa
20.458.064.792.419.200,33.742.568.532.064.200,baja,gruesa
206.412.947.248.079,33.980.553.134.027.000,baja,gruesa
19.665.656.190.482.100,3.286.565.159.373.960,baja,gruesa
19.947.995.514.760.100,3.391.405.197.783.080,baja,gruesa
20.512.090.739.125.300,33.991.162.860.380.700,baja,gruesa
18.845.511.995.913.400,3.243.127.260.748.950,baja,gruesa
2.085.475.197.099.370,33.643.036.904.211.500,baja,gruesa
20.686.432.524.766.500,33.810.720.206.637.900,baja,gruesa
20.180.951.627.404.600,3.342.893.714.334.480,baja,gruesa
19.592.149.794.404.300,33.100.989.120.506.600,baja,gruesa
2.056.320.540.437.310,337.104.328.748.565,baja,gruesa
20.700.859.367.305.600,3.400.330.916.046.470,baja,gruesa
2.054.622.062.614.970,3.375.137.978.267.220,baja,gruesa
20.287.955.914.825.400,33.857.075.790.218.300,baja,gruesa
20.034.872.084.181.400,3.308.062.499.821.890,baja,gruesa
21.647.826.016.032.100,34.613.923.306.207.900,baja,gruesa
1.983.788.602.114.180,3.297.785.344.870.170,baja,gruesa
2.011.102.211.927.450,3.380.456.278.113.730,baja,gruesa
2.086.432.716.988.760,3.430.198.207.033.730,baja,gruesa
20.438.965.610.731.000,3.396.123.415.260.620,baja,gruesa
21.407.442.925.761.900,3.388.515.587.682.410,baja,gruesa
20.085.046.952.152.200,3.303.366.735.548.970,baja,gruesa
2.087.152.836.743.310,34.435.856.597.122.000,baja,gruesa
19.414.874.534.011.200,33.344.348.800.375.100,baja,gruesa
19.563.801.828.737,3.331.743.541.266.850,baja,gruesa
2.008.107.083.815.390,33.570.942.800.280.400,baja,gruesa
20.458.339.138.097.600,33.743.906.094.410.100,baja,gruesa
20.199.234.374.105.900,33.378.559.639.340.000,baja,gruesa
1.976.133.851.254.530,3.381.192.565.852.180,baja,gruesa
2.009.639.866.397.640,3.397.934.991.885.680,baja,gruesa
20.199.475.145.780.600,333.399.604.837.215,baja,gruesa
20.191.464.433.790.800,3.368.542.334.058.560,baja,gruesa
20.300.668.918.227.600,33.326.540.551.991.600,baja,gruesa
1.963.217.235.457.040,33.118.551.247.693.300,baja,gruesa
19.900.627.838.961.300,3.324.071.950.699.470,baja,gruesa
1.930.528.621.611.040,33.254.978.740.260.400,baja,gruesa
20.806.672.688.985.600,3.421.764.144.557.800,baja,gruesa
20.761.139.153.063.700,3.383.575.926.935.190,baja,gruesa
206.680.502.137.183,342.588.926.380.074,baja,gruesa
20.597.018.066.557.500,33.902.775.407.332.400,baja,gruesa
1.994.666.847.404.570,33.526.098.560.594.400,baja,gruesa
20.215.698.503.220.500,33.751.709.792.357.200,baja,gruesa
2.066.591.741.804.760,3.366.686.669.005.250,baja,gruesa
20.772.679.613.762.000,3.394.339.387.069.820,baja,gruesa
20.456.910.290.378.300,3.379.710.261.639.910,baja,gruesa
20.134.874.694.916.700,33.405.787.180.463.300,baja,gruesa
2.070.085.283.649.000,3.383.418.704.603.760,baja,gruesa
20.319.398.070.738.400,3.296.753.229.306.230,baja,gruesa
19.809.179.618.615.300,332.171.473.779.393,baja,gruesa
1.975.774.134.686.560,336.527.798.130.248,baja,gruesa
20.756.002.378.334.700,344.370.518.857.001,baja,gruesa
2.007.646.494.196.140,33.072.358.819.336.800,baja,gruesa
2.130.327.625.019.570,34.287.570.793.136.300,baja,gruesa
19.339.804.951.668.900,3.314.744.623.723.310,baja,gruesa
1.969.796.242.834.520,3.322.455.834.754.900,baja,gruesa
19.954.492.105.727.200,33.625.480.382.677.000,baja,gruesa
2.006.514.494.135.230,336.427.438.043.317,baja,gruesa
20.458.442.915.739.700,34.302.328.868.897.000,baja,gruesa
19.872.324.385.479.800,3.355.779.409.081.800,baja,gruesa
20.330.882.247.485.400,33.437.925.579.825.000,baja,gruesa
20.992.623.468.451.100,3.366.408.148.525.170,baja,gruesa
19.499.550.887.310.800,3.343.341.644.958.610,baja,gruesa
1.978.610.656.025.880,33.658.582.611.514.600,baja,gruesa
2.123.120.760.513.700,33.983.842.835.913,baja,gruesa
2.152.126.805.248.380,3.432.704.548.896.740,baja,gruesa
19.391.090.444.973.300,3.274.757.732.048.190,baja,gruesa
20.887.714.097.382.800,34.025.778.024.474.200,baja,gruesa
19.914.636.811.264.900,3.338.879.765.221.160,baja,gruesa
21.181.840.026.769.200,33.910.387.978.493.800,baja,gruesa
20.431.152.843.840.900,33.501.826.407.028.000,baja,gruesa
2.059.241.018.434.850,340.430.129.086.858,baja,gruesa
20.101.507.848.563.200,3.369.778.353.052.330,baja,gruesa
19.862.611.777.947.800,3.333.999.922.818.620,baja,gruesa
20.815.999.484.649.600,3.437.293.690.982.360,baja,gruesa
19.925.680.108.818.200,33.298.008.319.772.700,baja,gruesa
20.091.089.714.054.600,33.438.472.238.604.400,baja,gruesa
19.172.326.995.519.600,33.479.621.869.192.100,baja,gruesa
19.960.111.622.837.500,330.457.615.533.036,baja,gruesa
19.843.887.778.430.900,3.304.131.394.016.930,baja,gruesa
1.986.217.946.210.830,3.315.370.133.797.760,baja,gruesa
20.797.427.360.936.100,3.401.133.719.314.650,baja,gruesa
19.032.937.394.016.800,3.277.642.576.439.810,baja,gruesa
20.785.920.152.656.500,34.345.538.412.432.600,baja,gruesa
1.909.478.772.554.630,3.228.463.971.001.230,baja,gruesa
2.020.846.582.922.860,33.985.281.332.902.600,baja,gruesa
20.886.541.465.195.500,3.375.692.181.494.530,baja,gruesa
201.446.207.397.688,33.453.595.089.916.400,baja,gruesa
19.917.136.921.678.300,33.204.039.451.913.000,baja,gruesa
19.671.809.839.172.800,33.674.637.347.469.500,baja,gruesa
1.953.534.610.251.410,33.416.315.877.226.300,baja,gruesa
19.995.978.352.287.500,3.369.533.236.094.660,baja,gruesa
19.929.353.060.023.800,3.388.002.160.968.140,baja,gruesa
2.037.898.915.437.130,3.364.564.006.654.980,baja,gruesa
20.261.683.716.129.300,3.373.412.003.024.740,baja,gruesa
19.836.211.728.837.200,3.315.225.921.836.720,baja,gruesa
19.129.923.088.438.500,3.312.671.684.063.480,baja,gruesa
20.712.276.478.284.100,3.439.395.811.913.410,baja,gruesa
8.198.122.677.360.360,7.787.930.804.611.850,baja,fina
821.405.873.620.017,7.967.743.350.527.630,baja,fina
8.799.307.017.881.730,7.961.386.465.402.340,baja,fina
8.786.223.531.441.510,8.027.965.391.683.840,baja,fina
9.137.143.562.041.330,8.028.823.899.234.090,baja,fina
9.508.821.984.833.700,8.363.692.243.022.480,baja,fina
9.124.270.910.081.830,7.800.213.871.900.730,baja,fina
8.315.955.091.612.260,8.051.005.369.975.710,baja,fina
9.093.074.930.723.310,7.942.038.116.377.220,baja,fina
7.858.742.796.946.740,7.741.191.056.291.080,baja,fina
7.624.714.447.402.510,7.904.732.835.772.240,baja,fina
787.033.955.554.861,7.884.451.027.842.590,baja,fina
8.495.612.753.713.160,7.802.227.918.220.000,baja,fina
8.901.864.936.302.950,790.010.141.755.936,baja,fina
8.811.712.323.160.650,8.139.270.547.671.700,baja,fina
8.415.185.388.931.170,7.965.009.954.185.770,baja,fina
8.394.897.027.652.010,7.972.111.587.696.680,baja,fina
8.228.063.117.609.170,772.466.352.223.652,baja,fina
8.352.157.428.270.910,8.138.949.783.570.270,baja,fina
9.032.548.925.851.220,8.308.797.877.066.140,baja,fina
8.481.503.620.961.680,8.083.942.374.466.270,baja,fina
8.460.696.026.776.690,7.902.446.663.548.510,baja,fina
9.164.896.453.041.370,8.139.277.619.198.980,baja,fina
8.759.835.504.568.940,7.781.684.398.792.530,baja,fina
8.703.318.572.767.260,8.029.886.729.460.990,baja,fina
8.252.357.668.434.920,8.114.870.793.552.250,baja,fina
8.826.162.303.600.140,803.247.098.647.259,baja,fina
8.842.850.591.226.770,8.306.413.074.472.490,baja,fina
8.441.536.417.231.110,8.243.795.020.997.530,baja,fina
9.364.341.701.942.120,7.995.018.951.337.050,baja,fina
8.889.971.211.323.870,8.099.648.059.673.410,baja,fina
823.596.694.524.519,7.960.454.018.078.580,baja,fina
907.708.376.553.964,7.786.670.635.945.670,baja,fina
9.293.755.548.928.440,8.391.526.734.261.410,baja,fina
8.936.248.381.259.800,7.956.044.743.749.290,baja,fina
8.603.118.116.339.930,8.219.623.521.696.990,baja,fina
8.718.234.434.654.600,7.828.600.780.414.660,baja,fina
8.400.289.847.894.000,8.024.431.617.559.120,baja,fina
9.547.578.875.724.780,8.048.869.865.059.630,baja,fina
8.160.018.426.705.190,7.829.274.031.285.620,baja,fina
8.644.266.454.612.050,7.828.400.473.249.540,baja,fina
8.019.454.308.048.380,8.097.792.521.302.890,baja,fina
920.072.219.111.868,8.105.233.008.950.810,baja,fina
8.977.223.950.659.460,7.907.459.029.228.050,baja,fina
8.362.389.728.029.120,7.790.441.598.793.000,baja,fina
9.085.030.417.646.520,8.285.674.785.426.900,baja,fina
9.568.981.948.413.050,8.192.863.295.722.690,baja,fina
8.450.519.921.465.950,7.939.856.865.696.700,baja,fina
789.089.922.794.852,7.758.407.474.198.490,baja,fina
8.492.476.691.029.120,7.949.895.456.354.580,baja,fina
8.700.941.078.356.700,8.299.742.470.982.520,baja,fina
8.314.283.938.396.230,7.775.052.209.082.280,baja,fina
8.706.699.718.104.570,7.918.387.304.040.730,baja,fina
8.598.295.246.009.640,7.676.626.792.276.370,baja,fina
8.841.016.761.957.090,8.029.838.318.761.390,baja,fina
8.531.409.010.705.460,8.185.939.084.378.790,baja,fina
8.624.684.954.183.000,812.216.368.354.042,baja,fina
90.754.370.890.921,8.024.667.606.680.750,baja,fina
7.859.616.412.502.330,7.726.377.648.207.880,baja,fina
8.376.378.511.930.740,7.876.826.977.853.410,baja,fina
8.301.984.704.658.010,8.013.614.886.567.890,baja,fina
8.278.165.997.318.830,8.065.139.172.457.310,baja,fina
9.396.037.312.854.940,8.228.556.960.284.140,baja,fina
7.315.988.010.463.730,7.859.364.031.742.940,baja,fina
9.031.394.808.364.320,8.037.297.929.222.040,baja,fina
8.823.178.462.485.960,8.093.171.990.384.970,baja,fina
8.798.044.145.195.090,8.133.313.566.889.170,baja,fina
878.450.046.415.044,7.918.923.167.345.700,baja,fina
8.779.525.873.886.330,7.720.211.064.356.630,baja,fina
7.890.636.201.198.760,7.659.700.436.817.120,baja,fina
8.522.158.593.973.720,7.632.922.847.694.680,baja,fina
8.647.562.702.927.460,8.075.976.927.784.350,baja,fina
8.409.549.498.969.870,7.726.064.148.936.260,baja,fina
7.960.023.332.076.450,8.060.411.689.460.670,baja,fina
8.311.753.383.413.860,7.953.017.677.483.640,baja,fina
8.772.113.164.267.240,8.019.892.772.512.320,baja,fina
8.325.401.372.530.560,7.780.408.352.264.050,baja,fina
7.818.586.057.706.600,7.915.985.235.712.960,baja,fina
797.527.250.304.246,7.836.867.992.580.260,baja,fina
8.249.782.146.362.220,8.211.323.297.789.060,baja,fina
8.683.222.431.331.300,7.935.609.935.803.290,baja,fina
8.749.004.482.415.070,8.106.778.194.553.620,baja,fina
8.334.145.605.134.810,7.625.260.652.393.100,baja,fina
88.180.551.364.075,8.126.501.305.476.660,baja,fina
8.974.802.226.177.580,8.228.000.329.035.430,baja,fina
7.994.862.203.086.570,7.932.843.929.603.930,baja,fina
8.287.643.796.882.510,766.908.382.545.224,baja,fina
8.266.088.999.682.890,8.077.872.702.939.470,baja,fina
8.442.520.908.393.250,8.187.320.915.014.000,baja,fina
7.566.400.494.687.210,76.948.380.088.038,baja,fina
9.115.090.527.795.590,8.018.927.427.448.660,baja,fina
8.140.520.802.743.270,7.830.170.206.597.070,baja,fina
8.839.390.423.134.990,7.911.385.220.223.310,baja,fina
8.430.110.772.459.650,8.064.902.762.924.130,baja,fina
8.605.618.122.677.150,8.529.108.469.033.040,baja,fina
856.552.273.600.573,8.001.747.270.957.120,baja,fina
9.199.292.335.592.410,837.040.784.841.982,baja,fina
9.137.678.656.872.170,7.903.204.720.837.490,baja,fina
7.972.341.674.693.480,7.912.726.730.438.180,baja,fina
8.971.986.192.247.020,806.620.554.811.096,baja,fina
794.870.640.795.598,7.841.176.084.272.230,baja,fina
829.609.051.158.895,7.883.388.328.619.100,baja,fina
8.786.495.222.519.150,8.046.505.422.087.160,baja,fina
9.009.081.517.112.440,8.099.161.382.319.270,baja,fina
7.515.021.552.706.940,7.670.560.292.566.810,baja,fina
8.079.053.862.741.650,802.775.983.447.025,baja,fina
8.214.645.163.604.310,7.766.096.443.480.430,baja,fina
8.081.015.982.203.470,8.095.338.078.555.900,baja,fina
907.679.083.536.659,7.824.488.752.581.440,baja,fina
838.390.042.073.562,7.773.234.914.979.240,baja,fina
7.350.318.020.699.970,7.633.759.123.849.420,baja,fina
9.023.455.690.276.920,8.318.940.196.562.670,baja,fina
927.555.670.141.385,7.853.231.911.575.440,baja,fina
9.306.078.393.419.940,8.199.699.354.239.780,baja,fina
9.343.283.812.553.800,8.227.729.728.589.610,baja,fina
7.681.209.101.937.820,7.811.153.659.516.260,baja,fina
8.222.668.507.903.410,8.269.328.832.294.320,baja,fina
943.299.368.699.793,8.065.644.615.951.960,baja,fina
8.824.765.009.862.380,8.310.632.417.531.160,baja,fina
8.423.165.435.350.070,7.919.617.319.447.900,baja,fina
8.647.991.735.460.500,8.234.368.916.850.120,baja,fina
81.916.062.514.711,8.148.566.195.107.090,baja,fina
8.282.572.358.747.050,7.981.854.063.084.230,baja,fina
8.372.146.156.907.420,8.099.773.874.168.390,baja,fina
9.192.199.542.424.690,8.270.738.902.849.000,baja,fina
8.537.557.526.613.660,8.104.403.875.988.700,baja,fina
8.193.773.732.743.200,790.062.538.317.307,baja,fina
9.002.447.750.066.880,8.362.883.188.554.380,baja,fina
7.768.014.558.167.570,7.668.201.559.897.590,baja,fina
8.843.398.311.235.360,7.837.868.193.191.060,baja,fina
10.806.282.825.519.000,11.739.174.536.043.000,baja,gruesa
10.879.072.527.903.600,11.856.154.955.040.400,baja,gruesa
11.183.674.918.586.000,12.549.659.806.280.300,baja,gruesa
10.167.955.063.425.500,10.925.865.416.254.700,baja,gruesa
11.036.949.415.832.600,14.379.408.793.860.700,baja,gruesa
9.771.477.239.586.090,11.323.839.695.273.500,baja,gruesa
10.663.170.778.689.800,11.789.608.234.311.100,baja,gruesa
10.663.345.254.348.100,1.114.327.142.955.420,baja,gruesa
9.793.544.402.839.710,10.168.572.340.918.000,baja,gruesa
10.749.709.766.095.300,12.346.069.909.592.100,baja,gruesa
10.707.703.969.899.800,11.381.352.938.036.800,baja,gruesa
11.422.351.729.709.600,13.817.114.192.690.400,baja,gruesa
10.206.315.844.680.900,10.479.635.530.361.500,baja,gruesa
11.040.018.480.424.200,13.477.500.173.229.400,baja,gruesa
984.807.643.170.112,11.924.429.153.090.600,baja,gruesa
10.964.235.079.075.000,11.643.464.163.070.200,baja,gruesa
103.218.984.847.459,10.991.270.009.453.100,baja,gruesa
10.356.587.825.548.900,1.125.464.269.195.830,baja,gruesa
10.234.578.801.556.700,12.070.928.844.422.200,baja,gruesa
10.011.922.104.314.500,12.195.959.478.505.400,baja,gruesa
10.090.546.936.418.500,12.401.361.402.227.500,baja,gruesa
10.165.627.057.535.700,1.203.952.507.985.290,baja,gruesa
9.615.788.019.952.960,11.466.691.516.468.000,baja,gruesa
10.581.177.186.523.500,10.908.695.362.939.200,baja,gruesa
10.488.136.654.473.600,1.451.173.834.676.580,baja,gruesa
1.055.169.781.536.460,11.483.070.209.133.300,baja,gruesa
10.876.715.946.807.000,12.167.763.455.656.300,baja,gruesa
10.014.043.594.055.100,11.837.813.111.226.100,baja,gruesa
11.374.704.809.549.700,12.350.079.202.547.700,baja,gruesa
10.456.502.764.307.100,9.772.099.744.752.110,baja,gruesa
10.614.945.820.462.200,10.559.661.229.018.300,baja,gruesa
9.676.071.974.160.470,11.031.577.003.328.500,baja,gruesa
11.313.480.323.312.000,12.971.391.320.589.400,baja,gruesa
10.515.193.924.380.200,1.312.560.787.846.510,baja,gruesa
9.924.483.685.040.430,10.777.609.786.127.400,baja,gruesa
10.519.006.600.408.900,12.985.892.225.858.500,baja,gruesa
10.864.750.879.591.900,12.235.080.853.409.200,baja,gruesa
10.017.990.418.452.300,1.043.769.111.198.900,baja,gruesa
10.352.172.215.787.500,11.830.217.501.658.400,baja,gruesa
10.549.599.306.686.700,11.594.044.158.252.200,baja,gruesa
10.433.268.351.653.300,12.385.880.684.864.700,baja,gruesa
11.150.880.063.093.400,12.373.004.414.445.300,baja,gruesa
10.598.490.798.850.300,12.334.212.868.554.900,baja,gruesa
11.474.386.585.507.400,12.017.809.989.028.100,baja,gruesa
10.580.986.579.106.600,11.356.590.504.190.500,baja,gruesa
9.096.068.620.422.180,1.071.700.627.839.980,baja,gruesa
917.543.322.454.129,10.580.869.224.465.500,baja,gruesa
10.103.983.887.831.500,11.753.994.319.551.400,baja,gruesa
10.007.113.013.951.900,10.467.419.803.452.300,baja,gruesa
10.167.138.676.341.800,11.381.625.022.152.300,baja,gruesa
10.665.077.888.646.000,12.115.747.594.102.000,baja,gruesa
920.242.587.319.745,11.165.686.267.267.300,baja,gruesa
10.564.891.831.833.100,11.152.003.349.892.100,baja,gruesa
109.118.346.625.567,12.955.805.909.137.100,baja,gruesa
10.158.242.223.063.600,10.226.528.200.000.200,baja,gruesa
10.253.709.535.986.700,1.139.863.623.558.570,baja,gruesa
10.435.466.653.913.900,11.384.756.002.528.700,baja,gruesa
996.159.778.111.498,10.500.655.238.409.800,baja,gruesa
11.048.436.490.755.300,13.012.746.988.348.700,baja,gruesa
10.083.630.614.586.000,11.035.339.701.835.600,baja,gruesa
10.351.737.321.159.800,1.111.890.551.243.900,baja,gruesa
1.098.212.058.378.580,12.176.535.231.738.000,baja,gruesa
10.304.447.604.381.200,11.703.168.828.590.800,baja,gruesa
10.330.511.628.957.000,10.311.606.182.171.500,baja,gruesa
10.921.483.913.476.100,12.130.475.559.442.800,baja,gruesa
10.316.941.207.373.500,10.659.884.096.409.200,baja,gruesa
10.623.897.859.703.200,13.007.366.611.171.500,baja,gruesa
10.267.333.923.835.700,11.220.967.941.502.500,baja,gruesa
1.060.315.212.588.350,1.151.175.251.624.870,baja,gruesa
10.505.247.937.344.800,11.666.677.951.948.600,baja,gruesa
10.772.297.876.451.700,1.301.322.260.771.060,baja,gruesa
11.310.872.427.653.600,1.203.818.127.663.070,baja,gruesa
9.774.100.017.587.360,11.137.646.396.367.800,baja,gruesa
10.180.226.291.961.300,10.887.513.919.390.500,baja,gruesa
10.057.003.828.226.400,11.120.076.758.418.300,baja,gruesa
11.461.851.459.227.800,13.809.581.900.012.200,baja,gruesa
10.289.474.375.453.700,11.620.993.008.413.900,baja,gruesa
9.979.278.146.045.580,11.128.315.606.143.600,baja,gruesa
10.536.453.384.306.100,12.129.064.391.078.900,baja,gruesa
10.754.341.834.113.800,1.277.011.048.237.440,baja,gruesa
929.133.548.536.835,10.224.506.174.986.800,baja,gruesa
10.240.524.611.597.500,11.773.518.383.065.400,baja,gruesa
11.068.767.618.548.000,1.413.935.577.791.450,baja,gruesa
10.583.917.203.535.800,12.528.313.863.597.300,baja,gruesa
1.060.585.645.128.270,10.702.697.543.172.600,baja,gruesa
9.990.768.255.736.810,11.184.614.815.332.200,baja,gruesa
10.621.766.980.132.300,13.026.041.590.569.300,baja,gruesa
11.088.915.114.098.700,13.187.147.302.448.600,baja,gruesa
10.240.156.517.551.800,11.522.422.445.405.800,baja,gruesa
10.584.419.699.110.500,12.697.985.678.839.000,baja,gruesa
9.900.229.253.037.640,10.406.760.507.364.800,baja,gruesa
10.385.753.367.224.800,1.206.710.609.659.450,baja,gruesa
1.056.404.578.089.560,12.755.597.502.487.000,baja,gruesa
10.232.270.644.911.100,11.236.673.179.304.800,baja,gruesa
985.557.630.560.066,10.192.002.226.913.600,baja,gruesa
10.393.359.605.154.500,12.088.176.191.168.400,baja,gruesa
10.460.590.522.465.400,11.674.357.817.494.700,baja,gruesa
10.265.323.296.226.900,10.997.292.614.690.900,baja,gruesa
10.272.088.832.714.600,11.991.174.734.279.300,baja,gruesa
11.164.709.544.397.100,12.048.619.133.856.700,baja,gruesa
11.359.795.804.455.400,13.361.947.219.066.900,baja,gruesa
9.625.559.722.134.150,10.141.157.634.439.100,baja,gruesa
10.635.765.580.229.700,11.472.276.473.151.100,baja,gruesa
10.548.908.044.891.200,12.054.496.603.083.400,baja,gruesa
9.685.471.913.205.820,10.562.708.935.793.900,baja,gruesa
10.631.820.489.798.000,12.818.264.563.474.100,baja,gruesa
10.149.907.146.590.400,12.180.699.227.454.100,baja,gruesa
10.984.249.063.189.600,11.745.374.648.613.200,baja,gruesa
9.962.082.088.460.940,11.505.410.091.658.600,baja,gruesa
104.276.156.002.598,11.591.814.698.736.100,baja,gruesa
1.047.301.725.407.430,11.963.082.935.915.900,baja,gruesa
110.935.881.890.594,10.982.850.177.109.800,baja,gruesa
10.928.123.394.722.800,1.238.244.309.542.420,baja,gruesa
10.618.018.972.172.000,11.415.976.458.643.800,baja,gruesa
10.112.532.363.050.900,11.929.917.051.103.100,baja,gruesa
10.878.918.002.152.900,10.737.733.130.949.800,baja,gruesa
9.712.221.833.596.770,10.884.395.627.773.800,baja,gruesa
10.370.940.849.550.000,1.069.023.441.885.780,baja,gruesa
10.118.211.388.257.600,11.116.506.791.048.800,baja,gruesa
10.913.633.341.780.500,12.390.522.889.748.600,baja,gruesa
10.962.808.767.813.700,12.029.720.897.867.900,baja,gruesa
9.842.527.565.918.910,1.118.811.365.530.020,baja,gruesa
9.617.735.814.878.140,10.282.744.354.365.700,baja,gruesa
10.763.942.590.640.000,13.243.008.779.564.000,baja,gruesa
10.323.831.305.778.500,10.665.294.087.809.200,baja,gruesa
11.085.313.012.050.600,1.295.841.686.168.270,baja,gruesa
10.095.973.983.422.400,11.815.652.198.631.600,baja,gruesa
11.678.129.217.983.400,13.918.941.368.563.600,baja,gruesa
10.494.677.989.071.100,1.144.445.547.530.890,baja,gruesa
10.502.821.627.774.300,11.694.985.299.807.400,baja,gruesa
19.337.993.500.453.300,5.499.840.115.735.920,baja,fina
18.533.510.509.243.000,5.564.642.734.322.780,baja,fina
18.846.636.013.553.200,5.430.556.177.883.050,baja,fina
18.625.185.346.551.900,5.474.170.103.121.850,baja,fina
1.785.090.713.655.670,5.194.027.419.285.860,baja,fina
19.036.077.275.929.800,5.603.935.022.737.870,baja,fina
18.439.770.782.801.900,541.763.185.523.385,baja,fina
17.502.317.598.920.500,5.277.024.440.779.920,baja,fina
19.251.835.958.088.600,5.640.160.313.679.820,baja,fina
18.360.417.020.559.000,50.143.471.619.226.200,baja,fina
19.332.243.831.409.500,5.726.179.174.969.870,baja,fina
18.806.922.238.745.700,5.431.642.539.894.450,baja,fina
1.848.624.359.176.440,5.576.910.135.915.590,baja,fina
1.825.039.185.081.670,5.504.443.907.414.840,baja,fina
17.675.029.676.112.300,5.024.681.948.068.050,baja,fina
19.392.868.248.033.500,5.644.590.668.936.260,baja,fina
19.098.061.607.144.800,5.576.635.947.643.500,baja,fina
1.980.840.093.628.940,5.796.342.003.947.330,baja,fina
1.931.726.993.770.120,568.599.490.370.624,baja,fina
18.800.993.844.934.100,5.329.130.474.678.510,baja,fina
18.708.739.665.308.800,5.531.012.996.489.980,baja,fina
20.133.476.407.814.400,5.916.068.056.048.300,baja,fina
1.821.812.884.148.140,5.285.155.441.454.390,baja,fina
18.445.239.630.769.500,5.427.271.906.970.850,baja,fina
183.269.952.651.792,5.423.349.006.256.520,baja,fina
18.757.534.905.790.300,5.479.509.363.517.090,baja,fina
19.021.395.798.794.400,5.414.778.277.885.480,baja,fina
18.501.205.404.104.000,5.335.890.963.390.790,baja,fina
19.712.498.069.411.000,5.785.992.814.701.210,baja,fina
18.090.792.772.218.000,5.332.149.352.883.620,baja,fina
19.571.430.523.571.800,565.283.563.222.037,baja,fina
19.473.596.705.693.600,574.713.101.476.677,baja,fina
1.900.886.443.717.340,5.560.377.908.913.910,baja,fina
1.866.415.211.856.100,52.746.756.937.896,baja,fina
19.187.650.510.943.200,5.847.162.656.138.630,baja,fina
1.888.339.584.963.780,5.659.615.701.756.350,baja,fina
17.951.042.893.969.100,5.233.244.046.412.740,baja,fina
18.433.560.990.312.000,5.322.243.376.896.830,baja,fina
19.652.773.641.908.600,5.679.424.314.584.860,baja,fina
1.828.301.380.765.500,532.956.300.470.323,baja,fina
1.980.401.082.203.480,5.685.850.686.208.130,baja,fina
19.296.726.301.367.900,5.708.239.974.390.910,baja,fina
18.773.749.225.533.200,5.624.829.601.746.110,baja,fina
19.015.722.150.666.200,5.541.241.817.971.800,baja,fina
19.484.874.792.597.700,5.977.393.128.072.370,baja,fina
18.191.741.571.100.700,5.432.124.802.301.450,baja,fina
1.845.619.618.118.750,5.514.213.137.343.530,baja,fina
19.047.986.664.017.700,562.093.231.293.852,baja,fina
1.922.574.026.434.950,5.575.202.810.089.190,baja,fina
18.480.317.726.168.500,5.336.948.926.727.080,baja,fina
17.909.271.194.940.600,5.235.484.770.219.140,baja,fina
1.901.989.523.752.370,5.854.620.048.746.330,baja,fina
18.920.852.058.410.700,5.617.965.587.787.440,baja,fina
1.902.244.315.834.810,5.530.896.049.212.770,baja,fina
1.900.324.263.568.450,5.512.915.143.164.020,baja,fina
19.292.769.035.958.400,5.748.962.147.009.580,baja,fina
1.849.417.691.414.520,5.449.851.715.068.240,baja,fina
1.910.244.021.283.290,5.661.014.455.890.880,baja,fina
17.927.124.575.538.400,5.109.400.884.151.400,baja,fina
1.854.820.401.826.750,5.428.248.250.013.320,baja,fina
19.509.086.264.035.600,5.912.504.257.018.820,baja,fina
18.804.859.627.845.800,5.389.460.792.670.200,baja,fina
17.998.328.096.539.600,5.054.362.852.657.300,baja,fina
1.890.634.326.272.500,5.582.295.957.538.400,baja,fina
1.900.994.506.879.060,5.421.351.636.433.850,baja,fina
1.906.609.419.109.450,552.285.669.740.808,baja,fina
1.921.419.038.627.820,5.502.242.588.439.160,baja,fina
17.895.095.129.885.200,5.079.647.833.578.660,baja,fina
18.474.235.239.703.200,5.425.335.294.552.120,baja,fina
18.482.788.825.191.900,5.425.358.202.144.370,baja,fina
19.068.601.297.441.100,5.618.558.585.918.410,baja,fina
18.194.070.475.021.800,5.325.063.110.374.440,baja,fina
18.686.434.772.164.300,5.599.086.593.254.270,baja,fina
19.416.709.214.070.200,588.245.699.115.179,baja,fina
18.696.610.406.784.000,5.442.513.330.457.190,baja,fina
18.498.264.261.478.800,5.394.900.698.762.630,baja,fina
19.006.207.477.221.700,5.490.289.629.648.370,baja,fina
1.845.610.714.444.980,5.507.088.748.926.680,baja,fina
17.866.651.895.316.800,5.285.958.731.367.370,baja,fina
20.286.345.157.121.800,5.948.743.043.423.200,baja,fina
18.271.714.168.777.300,5.358.533.316.265.370,baja,fina
17.559.582.747.538.300,4.869.849.410.730.800,baja,fina
19.588.253.243.611.900,5.829.361.796.080.300,baja,fina
18.516.370.201.187.800,5.586.679.004.070.940,baja,fina
17.830.253.343.367.200,5.251.245.672.032.350,baja,fina
19.577.441.355.398.600,5.647.091.322.275.540,baja,fina
1.860.961.088.528.050,5.544.108.190.004.230,baja,fina
18.502.217.831.237.900,5.404.814.857.362.800,baja,fina
18.612.965.811.861.500,5.552.325.568.954.840,baja,fina
1.928.101.623.730.540,5.785.601.963.879.770,baja,fina
17.985.170.525.014.900,5.237.869.671.171.600,baja,fina
1.787.092.906.204.000,5.132.862.872.262.880,baja,fina
18.438.267.164.279.300,5.293.430.542.475.760,baja,fina
18.774.750.614.584.600,5.385.625.864.540.580,baja,fina
18.268.088.539.211.900,5.468.353.538.043.320,baja,fina
18.441.944.379.650.500,5.372.579.204.873.160,baja,fina
18.432.631.264.609.700,5.314.436.368.238.800,baja,fina
18.574.802.392.359.700,5.377.044.947.101.370,baja,fina
18.463.932.168.996.200,5.435.321.516.542.550,baja,fina
18.353.226.786.551.600,5.332.193.757.978.490,baja,fina
18.332.454.472.757.600,5.382.807.679.648.050,baja,fina
19.259.849.797.893.000,5.708.479.462.302.130,baja,fina
18.598.937.288.683.600,5.309.851.152.282.090,baja,fina
18.047.274.030.573.200,5.360.485.288.116.080,baja,fina
19.306.434.722.889.200,5.879.858.405.605.540,baja,fina
1.918.423.823.173.990,5.733.556.208.268.610,baja,fina
20.148.430.801.608.700,5.958.934.090.011.320,baja,fina
18.815.946.307.823.900,561.834.092.484.992,baja,fina
19.174.377.939.684.100,5.737.246.394.981.450,baja,fina
1.900.657.759.005.080,5.643.099.715.906.620,baja,fina
18.562.157.992.884.000,5.485.946.343.072.150,baja,fina
18.667.885.414.988.700,5.681.531.871.206.810,baja,fina
19.089.898.273.939.800,5.534.767.464.262.690,baja,fina
19.041.448.384.496.200,5.808.695.455.487.000,baja,fina
19.072.847.701.337.900,5.621.664.850.115.270,baja,fina
1.810.012.066.000.860,5.250.820.969.052.720,baja,fina
19.111.946.535.006.800,5.731.002.349.748.490,baja,fina
19.308.575.567.315.500,5.842.206.216.935.070,baja,fina
19.489.744.541.714.000,585.978.488.178.075,baja,fina
18.004.536.263.596.200,5.366.946.026.665.870,baja,fina